Node #,Without Load Balancing,With Load Balancing
Node 1,17528.10469,15072.02179
Node 2,14800.31442,15727.13675
Node 3,15957.47597,15380.51886
Node 4,18481.7864,15060.83751
Node 5,17735.11598,15221.93162
Node 6,12045.44424,15166.83716
Node 7,15900.17684,15747.03954
Node 8,13697.28558,14897.42087
Node 9,13793.5623,15156.53385
Node 10,14821.197,14572.95213
Node 11,18000,13723.50509
Node 12,20000,15326.8093
