Number of CPUs,Runtime
50,115641.2944
100,98309.90203
150,94045.3857
200,71965.264
250,58457.81954
300,46737.13069
350,27678.425
400,16219.01023
